Casino,	City,	County,	State,
Wind Creek Casino & Hotel Atmore,	Atmore,	Escambia,	Alabama,
Wind Creek Casino & Hotel Montgomery,	Montgomery,	Montgomery,	Alabama,
Wind Creek Casino & Hotel Wetumpka,	Wetumpka,	Elmore,	Alabama,
Apache Gold Casino Resort,	San Carlos,	Gila,	Arizona,
Apache Sky Casino,	Dudleyville,	Pinal,	Arizona,
BlueWater Resort and Casino,	Parker,	La Paz,	Arizona,
Bucky's Casino,	Prescott,	Yavapai,	Arizona,
Casino Arizona,	Scottsdale,	Maricopa,	Arizona,
Casino del Sol,	Tucson,	Pima,	Arizona,
Casino of the Sun,	Tucson,	Pima,	Arizona,
Cliff Castle Casino,	Camp Verde,	Yavapai,	Arizona,
Cocopah Resort Casino,	Somerton,	Yuma,	Arizona,
Desert Diamond Casino,	Why,	Pima,	Arizona,
Desert Diamond Casino, Sahuarita,	Sahuarita,	Pima,	Arizona,
Desert Diamond Casino–West Valley,	Glendale,	Maricopa,	Arizona,
Desert Diamond Hotel & Casino,	Tucson,	Pima,	Arizona,
We-Ko-PA Casino & Resort,	Fountain Hills,	Maricopa,	Arizona,
Harrah's Ak-Chin Casino,	Maricopa,	Pinal,	Arizona,
Hon-Dah Resort Casino,	Pinetop-Lakeside,	Navajo,	Arizona,
Lone Butte Casino,	Chandler,	Maricopa,	Arizona,
Mazatzal Casino,	Payson,	Gila,	Arizona,
Paradise Casino,	Yuma,	Yuma,	Arizona,
Spirit Mountain Casino,	Mohave Valley,	Mohave,	Arizona,
Talking Stick Resort,	Scottsdale,	Maricopa,	Arizona,
Twin Arrows Casino Resort,	Flagstaff,	Coconino,	Arizona,
Vee Quiva Hotel & Casino,	Laveen,	Maricopa,	Arizona,
Wild Horse Pass Hotel & Casino,	Chandler,	Maricopa,	Arizona,
Yavapai Casino,	Prescott,	Yavapai,	Arizona,
Saracen Casino Resort,	Pine Bluff,	Jefferson,	Arkansas,
The 101 Casino,	Petaluma,	Sonoma,	California,
The 500 Club,	Clovis,	Fresno,	California,
Agua Caliente Casino,	Rancho Mirage,	Riverside,	California,
Artichoke Joe's Casino,	San Bruno,	San Mateo,	California,
Augustine Casino,	Rancho Mirage,	Riverside,	California,
The Aviator Casino,	Delano,	Kern,	California,
Bankers Casino,	Salinas,	Monterey,	California,
Barona Valley Ranch Resort and Casino,	Lakeside,	San Diego,	California,
Bay 101,	San Jose,	Santa Clara,	California,
Bear River Casino,	Loleta,	Humboldt,	California,
Black Bart Casino,	Willits,	Mendocino,	California,
The Bicycle Casino,	Bell Gardens,	Los Angeles,	California,
Black Oak Casino,	Tuolumne,	Tuolumne,	California,
Black Sheep Casino,	Cameron Park,	El Dorado,	California,
Blue Lake Casino,	Blue Lake,	Humboldt,	California,
Brooks Oceana Cardroom,	Oceano,	San Luis Obispo,	California,
Bruce's Bar and Casino,	Blythe,	Riverside,	California,
Cache Creek Casino Resort,	Brooks,	Yolo,	California,
Cahuilla Creek Casino,	Anza,	Riverside,	California,
California Grand Casino,	Pacheco,	Contra Costa,	California,
Cameo Club,	Stockton,	San Joaquin,	California,
Capitol Casino,	Sacramento,	Sacramento,	California,
Casino Club,	Redding,	Shasta,	California,
Casino M8trix,	San Jose,	Santa Clara,	California,
Casino Marysville,	Marysville,	Yuba,	California,
Casino Pauma,	Pauma Valley,	San Diego,	California,
Casino Real,	Manteca,	San Joaquin,	California,
Central Coast Casino,	Grover Beach,	San Luis Obispo,	California,
Central Coast Casino,	Paso Robles,	San Luis Obispo,	California,
Cesar's Club,	Watsonville,	Santa Cruz,	California,
Cher-Ae Heights Bingo and Casino,	Trinidad,	Humboldt,	California,
Chicken Ranch Bingo and Casino,	Jamestown,	Tuolumne,	California,
Chukchansi Gold Resort & Casino,	Coarsegold,	Madera,	California,
Chumash Casino Resort,	Santa Ynez,	Santa Barbara,	California,
Club One Casino,	Fresno,	Fresno,	California,
Club San Rafael,	San Rafael,	Marin,	California,
Colusa Casino Resort,	Colusa,	Colusa,	California,
Commerce Casino,	Commerce,	Los Angeles,	California,
Comstock Card Room,	Tracy,	San Joaquin,	California,
Crystal Casino and Hotel,	Compton,	Los Angeles,	California,
Delta Club Cardroom,	Stockton,	San Joaquin,	California,
Desert Casino,	Adelanto,	San Bernardino,	California,
Desert Rose Casino,	Alturas,	Modoc,	California,
Deuces Wild Casino,	Auburn,	Placer,	California,
Diamond Jim's Casino,	Rosamond,	Kern,	California,
Diamond Mountain Casino,	Susanville,	Lassen,	California,
Don Juan Club and Casino,	Rancho Cordova,	Sacramento,	California,
Eagle Mountain Casino,	Porterville,	Tulare,	California,
El Resbalon,	Woodlake,	Tulare,	California,
Elk Valley Casino,	Crescent City,	Del Norte,	California,
Empire Sportsmen's Association,	Modesto,	Stanislaus,	California,
Fantasy Springs Resort and Casino,	Indio,	Riverside,	California,
Feather Falls Casino,	Oroville,	Butte,	California,
Garlic City Club,	Gilroy,	Santa Clara,	California,
Gloria's Lounge and Casino,	Visalia,	Tulare,	California,
Gold Country Casino and Hotel,	Oroville,	Butte,	California,
Gold Rush Gaming Parlor,	Grass Valley,	Nevada,	California,
Golden Acorn Casino,	Campo,	San Diego,	California,
Golden State Casino,	Marysville,	Yuba,	California,
Golden West Casino,	Bakersfield,	Kern,	California,
Graton Resort & Casino,	Rohnert Park,	Sonoma,	California,
Hard Rock Hotel & Casino,	Wheatland,	Yuba,	California,
Harrah's Northern California,	Ione,	Amador,	California,
Harrah's Resort Southern California,	Valley Center,	San Diego,	California,
Havasu Landing Resort and Casino,	Havasu Lake,	San Bernardino,	California,
Hawaiian Gardens Casino,	Hawaiian Gardens,	Los Angeles,	California,
Hollywood Park Casino,	Inglewood,	Los Angeles,	California,
Hotel Del Rio & Casino,	Isleton,	Sacramento,	California,
Hustler Casino,	Gardena,	Los Angeles,	California,
Jackson Rancheria Casino,	Jackson,	Amador,	California,
Jalisco Pool Room,	Guadalupe,	Santa Barbara,	California,
Jamul Casino,	Jamul,	San Diego,	California,
Kelly's Cardroom,	Antioch,	Contra Costa,	California,
Kings Cardroom,	Stockton,	San Joaquin,	California,
Klondike Casino,	Eureka,	Humboldt,	California,
Konocti Vista Casino and Bingo,	Finley,	Lake,	California,
La Fuerza,	Woodlake,	Tulare,	California,
La Jolla Slot Arcade,	Pauma Valley,	San Diego,	California,
La Posta Casino,	Boulevard,	San Diego,	California,
Lake Bowl Cardroom,	Folsom,	Sacramento,	California,
Lake Elsinore Hotel & Casino,	Lake Elsinore,	Riverside,	California,
Limelight Cardroom,	Sacramento,	Sacramento,	California,
Livermore Saloon & Casino,	Livermore,	Alameda,	California,
Lucky 7 Casino,	Smith River,	Del Norte,	California,
Lucky Bear Casino,	Hoopa,	Humboldt,	California,
Lucky Buck Card Club,	Livermore,	Alameda,	California,
Lucky Chances Casino,	Colma,	San Mateo,	California,
Lucky Derby Casino,	Citrus Heights,	Sacramento,	California,
Lucky Lady Card Room,	San Diego,	San Diego,	California,
Marina Club,	Marina,	Monterey,	California,
Merced Poker Room,	Merced,	Merced,	California,
Mike's Card Casino,	Oakdale,	Stanislaus,	California,
The Mint,	Porterville,	Tulare,	California,
Mono Wind Casino,	Auberry,	Fresno,	California,
Morongo Casino, Resort & Spa,	Cabazon,	Riverside,	California,
Mortimer's Card Room,	Marina,	Monterey,	California,
Napa Valley Casino,	American Canyon,	Napa,	California,
Nineteenth Hole,	Antioch,	Contra Costa,	California,
Normandie Club,	Gardena,	Los Angeles,	California,
Oaks Card Club,	Emeryville,	Alameda,	California,
Oasis Card Room,	Ridgecrest,	Kern,	California,
Ocean's Eleven Casino,	Oceanside,	San Diego,	California,
Ocean View Cardroom,	Santa Cruz,	Santa Cruz,	California,
Old Cayucos Tavern,	Cayucos,	San Luis Obispo,	California,
Outlaws Card Parlour,	Atascadero,	San Luis Obispo,	California,
Paiute Palace Casino,	Bishop,	Inyo,	California,
Pala Casino Resort and Spa,	Pala,	San Diego,	California,
Palace Card Club,	Hayward,	Alameda,	California,
Palomar Card Club,	San Diego,	San Diego,	California,
Paso Robles Casino,	Paso Robles,	San Luis Obispo,	California,
Pastime Club,	Benicia,	Solano,	California,
Pastime Club,	Citrus Heights,	Sacramento,	California,
Pechanga Resort and Casino,	Temecula,	Riverside,	California,
Pit River Casino,	Burney,	Shasta,	California,
The Players Club,	Ventura,	Ventura,	California,
Poker Flats Casino,	Merced,	Merced,	California,
Quechan Resort Casino,	Winterhaven,	Imperial,	California,
Rain Rock Casino,	Yreka,	Siskiyou,	California,
Red Earth Casino,	Salton City,	Imperial,	California,
Red Fox Casino,	Laytonville,	Mendocino,	California,
Redhawk Casino,	Shingle Springs,	El Dorado,	California,
Rancho's Club Casino,	Rancho Cordova,	Sacramento,	California,
River Card Room,	Petaluma,	Sonoma,	California,
River Rock Casino,	Geyserville,	Sonoma,	California,
Rogelio's,	Isleton,	Sacramento,	California,
Robinson Rancheria Resort and Casino,	Nice,	Lake,	California,
Rolling Hills Casino,	Corning,	Tehama,	California,
Royal Flush Casino,	Lemoore,	Kings,	California,
S & K Card Room,	Eureka,	Humboldt,	California,
Silver Fox Card Room,	Sacramento,	Sacramento,	California,
St. Charles Place,	Downieville,	Sierra,	California,
Yaamava Resort & Casino,	Highland,	San Bernardino,	California,
San Pablo Lytton Casino,	San Pablo,	Contra Costa,	California,
Santa Ysabel Resort and Casino,	Santa Ysabel,	San Diego,	California,
Shodokai Casino,	Redwood Valley,	Mendocino,	California,
Sho-Ka-Wah Casino,	Hopland,	Mendocino,	California,
Soboba Casino Resort,	San Jacinto,	Riverside,	California,
Aqua Caliente Casino Palm Springs,	Palm Springs,	Riverside,	California,
Spotlight 29 Casino,	Coachella,	Riverside,	California,
Stones Gambling Hall,	Citrus Heights,	Sacramento,	California,
Sundowner Cardroom,	Visalia,	Tulare,	California,
Sycuan Resort and Casino,	El Cajon,	San Diego,	California,
Table Mountain Casino,	Friant,	Fresno,	California,
Tachi Palace Hotel and Casino,	Lemoore,	Kings,	California,
Thunder Valley Casino Resort,	Lincoln,	Placer,	California,
Tommy's Casino & Saloon,	El Centro,	Imperial,	California,
Torres Martinez Casino,	Salton City,	Imperial,	California,
Tortoise Rock Casino,	Twentynine Palms,	San Bernardino,	California,
Towers Casino,	Grass Valley,	Nevada,	California,
Turlock Poker Room,	Turlock,	Stanislaus,	California,
Twin Pine Casino,	Middletown,	Lake,	California,
Valley View Casino,	Valley Center,	San Diego,	California,
Ven-A-Mexico,	Soledad,	Monterey,	California,
Viejas Casino,	Alpine,	San Diego,	California,
Village Club Casino,	Chula Vista,	San Diego,	California,
Wine Country Casino and Restaurant,	Lodi,	San Joaquin,	California,
Win-River Casino,	Redding,	Shasta,	California,
Ameristar Casino Black Hawk,	Black Hawk,	Gilpin,	Colorado,
Bally's Black Hawk East,	Black Hawk,	Gilpin,	Colorado,
Bally's Black Hawk North,	Black Hawk,	Gilpin,	Colorado,
Bally's Black Hawk West,	Black Hawk,	Gilpin,	Colorado,
Black Diamond Casino and Saloon,	Cripple Creek,	Teller,	Colorado,
Brass Ass Casino of Cripple Creek,	Cripple Creek,	Teller,	Colorado,
Bronco Billy's Casino,	Cripple Creek,	Teller,	Colorado,
Bull Durham Saloon and Casino,	Black Hawk,	Gilpin,	Colorado,
Bullpen Casino,	Black Hawk,	Gilpin,	Colorado,
Bullwhacker's Black Hawk Canyon and Grand Plateau Casino,	Black Hawk,	Gilpin,	Colorado,
Century Casino Central City,	Central City,	Gilpin,	Colorado,
Century Casino Cripple Creek,	Cripple Creek,	Teller,	Colorado,
Colorado Central Station Casino,	Black Hawk,	Gilpin,	Colorado,
Colorado Grande Casino,	Cripple Creek,	Teller,	Colorado,
Creeker's Gaming Hall,	Cripple Creek,	Teller,	Colorado,
Dan Cooper's Eureka! Casino,	Black Hawk,	Gilpin,	Colorado,
Doc Holliday Casino,	Central City,	Gilpin,	Colorado,
Dostal Alley Brewpub & Casino,	Central City,	Gilpin,	Colorado,
Double Eagle Hotel & Casino,	Cripple Creek,	Teller,	Colorado,
Double Eagle Hotel & Casino & the Gold Creek Casino,	Cripple Creek,	Teller,	Colorado,
Easy Street Casino,	Central City,	Gilpin,	Colorado,
Famous Bonanza,	Central City,	Gilpin,	Colorado,
The Gilpin Casino,	Black Hawk,	Gilpin,	Colorado,
Gold Rush Hotel & Casino/Gold Digger's Casino,	Cripple Creek,	Teller,	Colorado,
Horseshoe Black Hawk,	Black Hawk,	Gilpin,	Colorado,
Imperial Casino,	Cripple Creek,	Teller,	Colorado,
J.P. McGills Hotel & Casino,	Cripple Creek,	Teller,	Colorado,
Johnny Nolon's Casino,	Cripple Creek,	Teller,	Colorado,
The Lodge Casino at Black Hawk,	Black Hawk,	Gilpin,	Colorado,
Midnight Rose Hotel & Casino,	Cripple Creek,	Teller,	Colorado,
Red Dolly Casino,	Black Hawk,	Gilpin,	Colorado,
Reserve Casino Hotel,	Central City,	Gilpin,	Colorado,
The Richman Casino Wild Card Saloon & Casino,	Black Hawk,	Gilpin,	Colorado,
Monarch Casino Black Hawk,	Black Hawk,	Gilpin,	Colorado,
Saratoga Casino Black Hawk,	Black Hawk,	Giipin,	Colorado,
Scarlet's Casino,	Central City,	Gilpin,	Colorado,
Silver Hawk Saloon & Casino,	Black Hawk,	Gilpin,	Colorado,
Sky Ute Lodge and Casino,	Ignacio,	La Plata,	Colorado,
Teller House,	Central City,	Gilpin,	Colorado,
Uncle Sam's Casino,	Cripple Creek,	Teller,	Colorado,
Ute Mountain Casino Hotel & Resort,	Towaoc,	Montezuma,	Colorado,
Wild Horse Casino,	Cripple Creek,	Teller,	Colorado,
Wild Wood Casino,	Cripple Creek,	Teller,	Colorado,
Womacks Casino & Hotel,	Cripple Creek,	Teller,	Colorado,
Foxwoods Resort Casino,	Mashantucket,	New London,	Connecticut,
Mohegan Sun,	Montville,	New London,	Connecticut,
Miccosukee Resort and Gaming Center,	Miami,	Miami-Dade,	Florida,
Seminole Casino Big Cypress,	Clewiston,	Hendry,	Florida,
Seminole Casino Brighton,	Okeechobee,	Okeechobee,	Florida,
Seminole Casino Hotel Immokalee,	Immokalee,	Collier,	Florida,
Seminole Casino Coconut Creek,	Coconut Creek,	Broward,	Florida,
Seminole Hard Rock Hotel and Casino Hollywood,	Hollywood,	Broward,	Florida,
Seminole Hard Rock Hotel and Casino Tampa,	Tampa,	Hillsborough,	Florida,
Seminole Classic Casino,	Hollywood,	Broward,	Florida,
Victory Casino Cruises,	Cape Canaveral,	Brevard,	Florida,
Victory Casino Cruises,	Jacksonville,	Duval,	Florida,
Coeur d'Alene Casino,	Worley,	Kootenai,	Idaho,
Clearwater Casino,	Lewiston,	Nez Perce,	Idaho,
Fort Hall Casino,	Fort Hall,	Fort Hall,	Idaho,
It'se Ye Ye Casino,	Kamiah,	Lewis,	Idaho,
Kootenai River Inn and Casino,	Bonners Ferry,	Boundary,	Idaho,
Argosy Casino Alton,	Alton,	Madison,	Illinois,
Bally's Quad Cities,	Rock Island,	Rock Island,	Illinois,
Casino Queen,	East St. Louis,	St. Clair,	Illinois,
Grand Victoria Casino Elgin[4],	Elgin,	Kane,	Illinois,
Harrah's Joliet,	Joliet,	Will,	Illinois,
Harrah's Metropolis,	Metropolis,	Massac,	Illinois,
Hollywood Casino Aurora,	Aurora,	Kane,	Illinois,
Hollywood Casino Joliet,	Joliet,	Will,	Illinois,
Par-A-Dice Casino,	East Peoria,	Tazewell,	Illinois,
Rivers Casino,	Des Plaines,	Cook,	Illinois,
Ameristar Casino East Chicago,	East Chicago,	Lake,	Indiana,
Bally's Evansville,	Evansville,	Vanderburgh,	Indiana,
Belterra Casino Resort & Spa,	Florence,	Switzerland,	Indiana,
Blue Chip Casino,	Michigan City,	LaPorte,	Indiana,
Caesars Southern Indiana,	Elizabeth,	Harrison,	Indiana,
Four Winds South Bend,	South Bend,	St. Joseph,	Indiana,
Hard Rock Casino Northern Indiana,	Gary,	Lake,	Indiana,
French Lick Resort Casino,	French Lick,	Orange,	Indiana,
Hollywood Casino Lawrenceburg,	Lawrenceburg,	Dearborn,	Indiana,
Horseshoe Hammond,	Hammond,	Lake,	Indiana,
Majestic Star Casino,	Gary,	Lake,	Indiana,
Majestic Star II,	Gary,	Lake,	Indiana,
Rising Star Casino Resort,	Rising Sun,	Ohio,	Indiana,
Ameristar Casino Council Bluffs,	Council Bluffs,	Pottawattamie,	Iowa,
Argosy Casino Sioux City,	Sioux City,	Woodbury,	Iowa,
Blackbird Bend Casino,	Onawa,	Monona,	Iowa,
Casino Queen Marquette,	Marquette,	Clayton,	Iowa,
Catfish Bend Casino,	Burlington,	Des Moines,	Iowa,
Diamond Jo Casino,	Dubuque,	Dubuque,	Iowa,
Diamond Jo Casino – Worth,	Northwood,	Worth,	Iowa,
Grand Falls Casino,	Larchwood,	Lyon,	Iowa,
Hard Rock Sioux City,	Sioux City,	Woodbury,	Iowa,
Harrah's Council Bluffs,	Council Bluffs,	Pottawattamie,	Iowa,
Horseshoe Council Bluffs,	Council Bluffs,	Pottawattamie,	Iowa,
Isle Casino Bettendorf,	Bettendorf,	Scott,	Iowa,
Isle Casino Waterloo,	Waterloo,	Black Hawk,	Iowa,
Lakeside Hotel & Casino,	Osceola,	Clarke,	Iowa,
Meskwaki Casino,	Tama,	Tama,	Iowa,
Prairie Flower Casino[7],	Carter Lake,	Pottawattamie,	Iowa,
Prairie Meadows,	Altoona,	Polk,	Iowa,
Q Casino,	Dubuque,	Dubuque,	Iowa,
Rhythm City Casino Resort,	Davenport,	Scott,	Iowa,
Riverside Casino & Golf Resort,	Riverside,	Washington,	Iowa,
Wild Rose Casino and Resort,	Clinton,	Clinton,	Iowa,
Wild Rose Casino and Resort,	Emmetsburg,	Palo Alto,	Iowa,
Wild Rose Casino and Resort,	Jefferson,	Greene,	Iowa,
WinnaVegas Casino Resort,	Sloan,	Woodbury,	Iowa,
7th Street Casino,	Kansas City,	Wyandotte,	Kansas,
Boot Hill Casino,	Dodge City,	Ford,	Kansas,
Casino White Cloud,	White Cloud,	Doniphan,	Kansas,
Golden Eagle Casino,	Horton,	Brown,	Kansas,
Hollywood Casino at Kansas Speedway,	Kansas City,	Wyandotte,	Kansas,
Kansas Crossing Casino and Hotel,	Pittsburg,	Crawford,	Kansas,
Kansas Star Casino,	Mulvane,	Sumner,	Kansas,
Prairie Band Casino & Resort,	Mayetta,	Jackson,	Kansas,
Sac and Fox Casino,	Powhattan,	Brown,	Kansas,
Amelia Belle,	Amelia,	St. Mary,	Louisiana,
Bally's Shreveport,	Shreveport,	Caddo,	Louisiana,
Belle of Baton Rouge,	Baton Rouge,	East Baton Rouge,	Louisiana,
Boomtown Bossier City,	Bossier City,	Bossier,	Louisiana,
Boomtown New Orleans,	Harvey,	Jefferson,	Louisiana,
Coushatta Casino Resort,	Kinder,	Allen,	Louisiana,
Cypress Bayou Casino,	Charenton,	St. Mary,	Louisiana,
Diamond Jacks Casino Bossier City,	Bossier City,	Bossier,	Louisiana,
Flamingo Casino New Orleans,	New Orleans,	Orleans,	Louisiana,
Golden Nugget Lake Charles,	Lake Charles,	Calcasieu,	Louisiana,
Harrah's Lake Charles,	Lake Charles,	Calcasieu,	Louisiana,
Harrah's New Orleans,	New Orleans,	Orleans,	Louisiana,
Hollywood Casino Baton Rouge,	Baton Rouge,	East Baton Rouge,	Louisiana,
Horseshoe Bossier City,	Bossier City,	Bossier,	Louisiana,
Horseshoe Lake Charles,	Westlake,	Calcasieu,	Louisiana,
Jena Choctaw Pines Casino,	Dry Prong,	Grant,	Louisiana,
L'Auberge Casino Resort Lake Charles,	Lake Charles,	Calcasieu,	Louisiana,
L'Auberge Casino Baton Rouge,	Baton Rouge,	East Baton Rouge,	Louisiana,
Margaritaville Resort Casino,	Bossier City,	Bossier,	Louisiana,
Paragon Casino Resort,	Marksville,	Avoyelles,	Louisiana,
River City Casino,	New Orleans,	Orleans,	Louisiana,
Sam's Town Shreveport,	Shreveport,	Caddo,	Louisiana,
Showboat Star Casino,	New Orleans,	Orleans,	Louisiana,
Treasure Chest Casino,	Kenner,	Jefferson,	Louisiana,
Oxford Casino,	Oxford,	Oxford,	Maine,
Hollywood Casino Perryville,	Perryville,	Cecil,	Maryland,
Horseshoe Casino Baltimore,	Baltimore,	Baltimore,	Maryland,
Live! Casino & Hotel,	Hanover,	Anne Arundel,	Maryland,
MGM National Harbor,	Oxon Hill,	Prince George's,	Maryland,
Rocky Gap Casino Resort,	Flintstone,	Allegany,	Maryland,
MGM Springfield,	Springfield,	Hampden,	Massachusetts,
Plainridge Park Casino,	Plainville,	Norfolk,	Massachusetts,
Encore Boston Harbor,	Everett,	Middlesex,	Massachusetts,
Bay Mills Resort & Casino,	Brimley,	Chippewa,	Michigan,
FireKeepers Casino Hotel,	Battle Creek,	Calhoun,	Michigan,
Four Winds New Buffalo,	New Buffalo,	Berrien,	Michigan,
Four Winds Hartford,	Hartford,	Van Buren,	Michigan,
Four Winds Dowagiac,	Dowagiac,	Cass,	Michigan,
Gun Lake Casino,	Wayland,	Allegan,	Michigan,
Hollywood Casino at Greektown,	Detroit,	Wayne,	Michigan,
Island Resort & Casino,	Bark River,	Menominee,	Michigan,
Kewadin Casino - Christmas,	Christmas,	Alger,	Michigan,
Kewadin Casino - Hessel,	Hessel,	Mackinac,	Michigan,
Kewadin Casino - Manistique,	Manistique,	Schoolcraft,	Michigan,
Kewadin Casino, Hotel and Convention Center,	Sault Sainte Marie,	Chippewa,	Michigan,
Kewadin Shores Casino - St. Ignace,	St Ignace,	Mackinac,	Michigan,
Kings Club Casino,	Brimley,	Chippewa,	Michigan,
Leelanau Sands Casino,	Suttons Bay,	Leelanau,	Michigan,
Little River Casino and Resort,	Manistee,	Manistee,	Michigan,
MGM Grand Detroit,	Detroit,	Wayne,	Michigan,
MotorCity Casino Hotel,	Detroit,	Wayne,	Michigan,
Northern Waters Casino Resort,	Watersmeet,	Gogebic,	Michigan,
Odawa Casino Mackinaw,	Mackinaw City,	Cheboygan,	Michigan,
Odawa Casino Resort,	Petoskey,	Emmet,	Michigan,
Ojibwa Casino - Marquette,	Marquette,	Marquette,	Michigan,
Ojibwa Casino Resort - Baraga,	Baraga,	Baraga,	Michigan,
Saganing Eagles Landing Casino,	Standish,	Arenac,	Michigan,
Soaring Eagle Casino & Resort,	Mt. Pleasant,	Isabella,	Michigan,
Turtle Creek Casino and Hotel,	Williamsburg,	Grand Traverse,	Michigan,
Black Bear Casino Resort,	Carlton,	Carlton,	Minnesota,
Fond-du-luth Casino,	Duluth,	St. Louis,	Minnesota,
Fortune Bay Resort Casino,	Tower,	St. Louis,	Minnesota,
Grand Casino Hinckley,	Hinckley,	Pine,	Minnesota,
Grand Casino Mille Lacs,	Onamia,	Mille Lacs,	Minnesota,
Grand Portage Lodge & Casino,	Grand Portage,	Cook,	Minnesota,
Jackpot Junction Casino Hotel,	Morton,	Redwood,	Minnesota,
Little Six Casino,	Prior Lake,	Scott,	Minnesota,
Mystic Lake Casino Hotel,	Prior Lake,	Scott,	Minnesota,
Northern Lights Casino,	Walker,	Cass,	Minnesota,
Cedar Lakes Casino,	Cass Lake,	Cass,	Minnesota,
Prairie's Edge Casino Resort,	Granite Falls,	Yellow Medicine,	Minnesota,
Seven Clans Casino Red Lake,	Red Lake,	Beltrami,	Minnesota,
Seven Clans Casino Thief River Falls,	Thief River Falls,	Pennington,	Minnesota,
Seven Clans Casino Warroad,	Warroad,	Roseau,	Minnesota,
Shooting Star Casino,	Mahnomen,	Mahnomen,	Minnesota,
Treasure Island Resort & Casino,	Red Wing,	Goodhue,	Minnesota,
White Oak Casino,	Deer River,	Itasca,	Minnesota,
Ameristar Casino Vicksburg,	Vicksburg,	Warren,	Mississippi,
Bally's Vicksburg,	Vicksburg,	Warren,	Mississippi,
Bayou Caddy's Jubilee Casino,	Greenville,	Washington,	Mississippi,
Beau Rivage,	Biloxi,	Harrison,	Mississippi,
Bok Homa Casino,	Sandersville,	Jones,	Mississippi,
Boomtown Biloxi,	Biloxi,	Harrison,	Mississippi,
Casino Magic Biloxi,	Biloxi,	Harrison,	Mississippi,
Copa Casino,	Gulfport,	Harrison,	Mississippi,
1st Jackpot Casino Tunica,	Tunica Resorts,	Tunica,	Mississippi,
Fitzgeralds Casino Tunica,	Tunica Resorts,	Tunica,	Mississippi,
Gold Strike Casino Resort,	Tunica Resorts,	Tunica,	Mississippi,
Golden Moon Casino,	Choctaw,	Neshoba,	Mississippi,
Golden Nugget Biloxi,	Biloxi,	Harrison,	Mississippi,
Grand Station Casino,	Vicksburg,	Warren,	Mississippi,
Hard Rock Hotel & Casino Biloxi,	Biloxi,	Harrison,	Mississippi,
Harlow's Casino,	Greenville,	Washington,	Mississippi,
Harrah's Casino Tunica,	Tunica Resorts,	Tunica,	Mississippi,
Harrah's Gulf Coast,	Biloxi,	Harrison,	Mississippi,
Hollywood Casino Gulf Coast,	Bay St. Louis,	Hancock,	Mississippi,
Hollywood Casino Tunica,	Tunica Resorts,	Tunica,	Mississippi,
Horseshoe Casino Tunica,	Tunica Resorts,	Tunica,	Mississippi,
IP Casino Resort Spa,	Biloxi,	Harrison,	Mississippi,
Island View Casino,	Gulfport,	Harrison,	Mississippi,
Isle of Capri Casino Hotel Lula,	Lula,	Coahoma,	Mississippi,
Isle of Capri Casino Hotel Natchez,	Natchez,	Adams,	Mississippi,
Magnolia Bluffs Casino,	Natchez,	Adams,	Mississippi,
Margaritaville Casino and Restaurant,	Biloxi,	Harrison,	Mississippi,
Palace Casino Biloxi,	Biloxi,	Harrison,	Mississippi,
President Casino Broadwater Resort,	Biloxi,	Harrison,	Mississippi,
Resorts Casino Tunica,	Tunica Resorts,	Tunica,	Mississippi,
Riverwalk Casino and Hotel,	Vicksburg,	Warren,	Mississippi,
Sam's Town Hotel and Gambling Hall, Tunica,	Tunica Resorts,	Tunica,	Mississippi,
Scarlet Pearl Casino,	D'Iberville,	Harrison,	Mississippi,
Silver Slipper Casino,	Lakeshore,	Hancock,	Mississippi,
Silver Star Casino,	Choctaw,	Neshoba,	Mississippi,
Treasure Bay Casino Biloxi,	Biloxi,	Harrison,	Mississippi,
Trop Casino Greenville,	Greenville,	Washington,	Mississippi,
Tunica Roadhouse Casino & Hotel,	Tunica Resorts,	Tunica,	Mississippi,
WaterView Casino & Hotel,	Vicksburg,	Warren,	Mississippi,
Ameristar,	St. Charles,	St. Charles,	Missouri,
Ameristar,	Kansas City,	Clay,	Missouri,
Argosy Casino Riverside,	Riverside,	Platte,	Missouri,
Bally's Kansas City,	Kansas City,	Jackson,	Missouri,
Century Casino Cape Girardeau,	Cape Girardeau,	Cape Girardeau,	Missouri,
Century Casino Caruthersville,	Caruthersville,	Pemiscot,	Missouri,
Harrah's,	North Kansas City,	Clay,	Missouri,
Hollywood Casino St. Louis,	Maryland Heights,	St. Louis,	Missouri,
Horseshoe St. Louis,	St. Louis,	,	Missouri,
Isle of Capri,	Boonville,	Cooper,	Missouri,
Mark Twain,	La Grange,	Lewis,	Missouri,
River City Casino,	St. Louis,	,	Missouri,
President Casino Laclede's Landing,	St. Louis,	,	Missouri,
St. Jo Frontier Casino,	St. Joseph,	Buchanan,	Missouri,
Aladdin,	Paradise,	Clark,	Nevada,
Aliante Casino and Hotel,	North Las Vegas,	Clark,	Nevada,
Aquarius,	Laughlin,	Clark,	Nevada,
Aria Resort and Casino,	Paradise,	Clark,	Nevada,
Arizona Charlie's Boulder,	Paradise,	Clark,	Nevada,
Arizona Charlie's Decatur,	Paradise,	Clark,	Nevada,
Atlantis,	Reno,	Washoe,	Nevada,
Avi,	Laughlin,	Clark,	Nevada,
Aztec Inn,	Las Vegas,	Clark,	Nevada,
Baldini's Sports Casino,	Sparks,	Washoe,	Nevada,
Bally's Lake Tahoe,	Stateline,	Douglas,	Nevada,
Barley's,	Henderson,	Clark,	Nevada,
Barton's Club 93,	Jackpot,	Elko,	Nevada,
Bellagio,	Paradise,	Clark,	Nevada,
Bighorn Casino,	North Las Vegas,	Clark,	Nevada,
Bill's Casino Lake Tahoe,	Stateline,	Douglas,	Nevada,
Binion's Gambling Hall and Hotel,	Las Vegas,	Clark,	Nevada,
Boardwalk,	Paradise,	Clark,	Nevada,
Bodines Casino,	Carson City,	,	Nevada,
Bonanza Casino,	Fallon,	Churchill,	Nevada,
Bonanza Casino,	Reno,	Washoe,	Nevada,
Boomtown Reno,	Verdi,	Washoe,	Nevada,
Boulder Station,	Sunrise Manor,	Clark,	Nevada,
Bourbon Square Casino,	Sparks,	Washoe,	Nevada,
Bourbon Street Hotel and Casino,	Paradise,	Clark,	Nevada,
Buffalo Bill's,	Primm,	Clark,	Nevada,
Buffalo Club Casino,	Sparks,	Washoe,	Nevada,
Cactus Jack's Senator Club,	Carson City,	,	Nevada,
Cactus Pete's,	Jackpot,	Elko,	Nevada,
Caesars Palace,	Paradise,	Clark,	Nevada,
California Club,	Las Vegas,	Clark,	Nevada,
California Hotel and Casino,	Las Vegas,	Clark,	Nevada,
Cal Neva Lodge & Casino,	Crystal Bay,	Washoe,	Nevada,
Cannery Casino and Hotel,	North Las Vegas,	Clark,	Nevada,
Carson Nugget,	Carson City,	,	Nevada,
Carson Valley Inn,	Minden,	Douglas,	Nevada,
CasaBlanca,	Mesquite,	Clark,	Nevada,
Casino Fandango,	Carson City,	,	Nevada,
Casino Monte Lago,	Henderson,	Clark,	Nevada,
Casino Royale,	Paradise,	Clark,	Nevada,
Casino West,	Yerington,	Lyon,	Nevada,
Castaways,	Las Vegas,	Clark,	Nevada,
Castaways Hotel and Casino,	Las Vegas,	Clark,	Nevada,
Churchill Station,	Fallon,	Churchill,	Nevada,
Circa Resort & Casino,	Las Vegas,	Clark,	Nevada,
Circus Circus Las Vegas,	Winchester,	Clark,	Nevada,
Circus Circus Reno,	Reno,	Washoe,	Nevada,
Clarion Hotel and Casino,	Paradise,	Clark,	Nevada,
Club Cal Neva,	Reno,	Washoe,	Nevada,
Colorado Belle Hotel & Casino,	Laughlin,	Clark,	Nevada,
Commercial Casino,	Elko,	Elko,	Nevada,
Cosmopolitan of Las Vegas,	Paradise,	Clark,	Nevada,
Cotton Club,	West Las Vegas,	Clark,	Nevada,
Crystal Bay Club Casino,	Crystal Bay,	Washoe,	Nevada,
Delta Saloon & Casino,	Virginia City,	Storey,	Nevada,
Depot Casino,	Fallon,	Churchill,	Nevada,
Desert Inn,	Paradise,	Clark,	Nevada,
Diamond Casino,	Reno,	Washoe,	Nevada,
Dini's Lucky Club,	Yerington,	Lyon,	Nevada,
Downtown Grand,	Las Vegas,	Clark,	Nevada,
Dunes,	Paradise,	Clark,	Nevada,
Eastside Cannery,	Sunrise Manor,	Clark,	Nevada,
Edgewater Hotel and Casino,	Laughlin,	Clark,	Nevada,
El Capitan Hotel & Casino,	Hawthorne,	Mineral,	Nevada,
El Cortez,	Las Vegas,	Clark,	Nevada,
El Morocco,	West Las Vegas,	Clark,	Nevada,
El Rancho Vegas,	Las Vegas,	Clark,	Nevada,
El Rancho Hotel and Casino,	Las Vegas,	Clark,	Nevada,
Eldorado Resort Casino,	Reno,	Washoe,	Nevada,
Ellis Island Casino & Brewery,	Paradise,	Clark,	Nevada,
Encore,	Paradise,	Clark,	Nevada,
Eureka,	Mesquite,	Clark,	Nevada,
Excalibur,	Paradise,	Clark,	Nevada,
Fiesta Henderson,	Henderson,	Clark,	Nevada,
Fiesta Rancho,	North Las Vegas,	Clark,	Nevada,
Fitzgeralds Reno,	Reno,	Washoe,	Nevada,
Flamingo Las Vegas,	Paradise,	Clark,	Nevada,
Fontainebleau Las Vegas,	Las Vegas,	Clark,	Nevada,
Four Jacks Hotel & Casino,	Jackpot,	Elko,	Nevada,
Four Queens,	Las Vegas,	Clark,	Nevada,
Fremont Hotel and Casino,	Las Vegas,	Clark,	Nevada,
Gold County Inn & Casino,	Elko,	Elko,	Nevada,
Gold Coast,	Paradise,	Clark,	Nevada,
Gold Dust West Carson,	Carson City,	,	Nevada,
Gold Dust West Elko,	Elko,	Elko,	Nevada,
Gold Dust West Reno,	Reno,	Washoe,	Nevada,
Gold Ranch Dayton,	Dayton,	Lyon,	Nevada,
Gold Ranch Sparks,	Sparks,	Washoe,	Nevada,
Gold Ranch Verdi,	Verdi,	Washoe,	Nevada,
Gold Rush Casino,	Henderson,	Clark,	Nevada,
Gold Spike,	Las Vegas,	Clark,	Nevada,
Golden Gate Casino,	Las Vegas,	Clark,	Nevada,
Golden Nugget Las Vegas,	Las Vegas,	Clark,	Nevada,
Golden Nugget Laughlin,	Laughlin,	Clark,	Nevada,
Golden Phoenix,	Reno,	Washoe,	Nevada,
Grand Sierra Resort,	Reno,	Washoe,	Nevada,
Green Valley Ranch,	Henderson,	Clark,	Nevada,
Hacienda,	Paradise,	Clark,	Nevada,
Hard Rock Lake Tahoe,	Stateline,	Douglas,	Nevada,
Hard Rock Las Vegas,	Paradise,	Clark,	Nevada,
Harrah's Lake Tahoe,	Stateline,	Douglas,	Nevada,
Harrah's Las Vegas,	Paradise,	Clark,	Nevada,
Harrah's Laughlin,	Laughlin,	Clark,	Nevada,
Harrah's Reno,	Reno,	Washoe,	Nevada,
Harveys Lake Tahoe,	Stateline,	Douglas,	Nevada,
High Desert Casino,	Elko,	Elko,	Nevada,
Holy Cow,	Las Vegas,	Clark,	Nevada,
Hoover Dam Lodge,	Outside Boulder City limits,	Clark,	Nevada,
Horseshoe Hotel & Casino,	Elko,	Elko,	Nevada,
Horseshoe Las Vegas,	Paradise,	Clark,	Nevada,
Hotel Nevada and Gambling Hall,	Ely,	White Pine,	Nevada,
Grand Lodge Casino at Hyatt Regency Lake Tahoe,	Incline Village,	Washoe,	Nevada,
Indian Springs Casino,	Indian Springs,	Clark,	Nevada,
Jail House Motel & Casino,	Ely,	White Pine,	Nevada,
Jerry's Nugget,	North Las Vegas,	Clark,	Nevada,
Jim Kelley's Nugget Casino,	Crystal Bay,	Washoe,	Nevada,
Jokers Wild Casino,	Henderson,	Clark,	Nevada,
Key Largo,	Paradise,	Clark,	Nevada,
Klondike Hotel and Casino,	Paradise,	Clark,	Nevada,
Klondike Sunset Casino,	Henderson,	Clark,	Nevada,
La Bayou,	Las Vegas,	Clark,	Nevada,
Lakeside Inn,	Stateline,	Douglas,	Nevada,
Landmark,	Winchester,	Clark,	Nevada,
Las Vegas Club,	Las Vegas,	Clark,	Nevada,
Laughlin River Lodge,	Laughlin,	Clark,	Nevada,
Longstreet Hotel, Casino, and RV Resort,	Amargosa Valley,	Nye,	Nevada,
Louisiana Club,	West Las Vegas,	Clark,	Nevada,
Lucky Club Hotel & Casino,	North Las Vegas,	Clark,	Nevada,
Lucky Dragon,	Las Vegas,	Clark,	Nevada,
Luxor,	Paradise,	Clark,	Nevada,
M Resort,	Henderson,	Clark,	Nevada,
Main Street Station Hotel,	Las Vegas,	Clark,	Nevada,
Mandalay Bay,	Paradise,	Clark,	Nevada,
Mapes Hotel,	Reno,	Washoe,	Nevada,
Max Casino,	Carson City,	,	Nevada,
Mermaids Casino,	Las Vegas,	Clark,	Nevada,
Mesquite Star,	Mesquite,	Clark,	Nevada,
MGM Grand Las Vegas,	Paradise,	Clark,	Nevada,
Mint Casino,	Sparks,	Washoe,	Nevada,
Montego Bay Resort,	West Wendover,	Elko,	Nevada,
Mountain View Casino,	Pahrump,	Nye,	Nevada,
Moulin Rouge,	West Las Vegas,	Clark,	Nevada,
Nevada Landing,	Jean,	Clark,	Nevada,
Nevada Palace Hotel & Casino,	Sunrise Manor,	Clark,	Nevada,
New Frontier,	Paradise,	Clark,	Nevada,
New York-New York,	Paradise,	Clark,	Nevada,
Nugget Casino Resort,	Sparks,	Washoe,	Nevada,
Oasis,	Mesquite,	Clark,	Nevada,
Opera House,	North Las Vegas,	Clark,	Nevada,
Ormsby House,	Carson City,	,	Nevada,
O'Shea's,	Winchester,	Clark,	Nevada,
Owl Club Bar and Restaurant,	Eureka,	Eureka,	Nevada,
Oyo Hotel & Casino,	Paradise,	Clark,	Nevada,
Pahrump Nugget Hotel & Gambling Hall,	Pahrump,	Nye,	Nevada,
Pahrump Station Hotel & Casino,	Pahrump,	Nye,	Nevada,
Palace Station,	Las Vegas,	Clark,	Nevada,
Paris Las Vegas,	Paradise,	Clark,	Nevada,
Palms Casino Resort,	Paradise,	Clark,	Nevada,
Park MGM,	Paradise,	Clark,	Nevada,
People's Choice Casino,	West Las Vegas,	Clark,	Nevada,
Peppermill Reno,	Reno,	Washoe,	Nevada,
Peppermill Wendover,	West Wendover,	Elko,	Nevada,
Pioneer Club Las Vegas,	Las Vegas,	Clark,	Nevada,
Pioneer Hotel & Gambling Hall,	Laughlin,	Clark,	Nevada,
Planet Hollywood Resort and Casino,	Paradise,	Clark,	Nevada,
Plaza Hotel & Casino,	Las Vegas,	Clark,	Nevada,
Poker Palace,	North Las Vegas,	Clark,	Nevada,
Primm Valley Resort,	Primm,	Clark,	Nevada,
Prospectors Casino,	Ely,	White Pine,	Nevada,
Rail City Casino,	Sparks,	Washoe,	Nevada,
Railroad Pass Hotel & Casino,	Henderson,	Clark,	Nevada,
Rainbow Casino,	West Wendover,	Elko,	Nevada,
Ramada/Copper Queen Casino,	Ely,	White Pine,	Nevada,
Rampart Casino,	Summerlin,	Clark,	Nevada,
Red Garter,	West Wendover,	Elko,	Nevada,
Red Lion Casino,	Elko,	Elko,	Nevada,
Red Lion Hotel & Casino,	Winnemucca,	Humboldt,	Nevada,
Red Rock Resort,	Summerlin,	Clark,	Nevada,
Regency Casino,	Laughlin,	Clark,	Nevada,
Reno Nugget Casino,	Reno,	Washoe,	Nevada,
Resorts World,	Winchester,	Clark,	Nevada,
Roadhouse Casino,	Henderson,	Clark,	Nevada,
Rio,	Paradise,	Clark,	Nevada,
Riverside Hotel Casino,	Reno,	Washoe,	Nevada,
Riverside Resort Hotel & Casino,	Laughlin,	Clark,	Nevada,
Riviera Hotel and Casino,	Winchester,	Clark,	Nevada,
Royal Nevada,	Winchester,	Clark,	Nevada,
Saddle West Casino,	Pahrump,	Nye,	Nevada,
Sahara Las Vegas,	Winchester,	Clark,	Nevada,
Sands Regency,	Reno,	Washoe,	Nevada,
Sam's Town Hotel and Gambling Hall,	Sunrise Manor,	Clark,	Nevada,
Santa Fe Station,	North Las Vegas,	Clark,	Nevada,
Scoreboard Sports Lounge,	Spring Creek,	Elko,	Nevada,
Searchlight Nugget Casino,	Searchlight,	Clark,	Nevada,
Sharkeys Casino,	Gardnerville,	Douglas,	Nevada,
Sierra Sid's 76,	Sparks,	Washoe,	Nevada,
Silver City Casino,	Winchester,	Clark,	Nevada,
Silver Legacy Reno,	Reno,	Washoe,	Nevada,
Silver Nugget,	North Las Vegas,	Clark,	Nevada,
Silver Sevens,	Paradise,	Clark,	Nevada,
Silver Slipper,	Paradise,	Clark,	Nevada,
Silverton Las Vegas,	Enterprise,	Clark,	Nevada,
Siena Reno,	Reno,	Washoe,	Nevada,
Slots-A-Fun Casino,	Winchester,	Clark,	Nevada,
Skyline Casino,	Henderson,	Clark,	Nevada,
South Point,	Enterprise,	Clark,	Nevada,
Stage Door Casino,	Paradise,	Clark,	Nevada,
Stagestop Casino,	Pahrump,	Nye,	Nevada,
Stagecoach Hotel & Casino,	Beatty,	Nye,	Nevada,
Stardust,	Winchester,	Clark,	Nevada,
Stateline Casino,	West Wendover,	Elko,	Nevada,
Stateline Casino and Motel,	Mesquite,	Clark,	Nevada,
Stockmen's Casino & Hotel,	Elko,	Elko,	Nevada,
Stockman's Casino,	Fallon,	Churchill,	Nevada,
Suncoast,	Las Vegas,	Clark,	Nevada,
Sunset Station,	Henderson,	Clark,	Nevada,
Tamarack Junction,	Reno,	Washoe,	Nevada,
Tahoe Biltmore Lodge & Casino,	Crystal Bay,	Washoe,	Nevada,
Terrible's Casino Searchlight,	Searchlight,	Clark,	Nevada,
Terrible's Hotel & Casino,	Jean,	Clark,	Nevada,
Terrible's Town Henderson,	Henderson,	Clark,	Nevada,
Terrible's Town Pahrump,	Pahrump,	Nye,	Nevada,
Terrible's Lakeside,	Pahrump,	Nye,	Nevada,
Texas Station,	North Las Vegas,	Clark,	Nevada,
The Alamo Casino,	Sparks,	Washoe,	Nevada,
The Cromwell Las Vegas,	Paradise,	Clark,	Nevada,
The D Las Vegas,	Las Vegas,	Clark,	Nevada,
The Linq,	Paradise,	Clark,	Nevada,
The Meadows Casino & Hotel,	Las Vegas,	Clark,	Nevada,
The Mint,	Las Vegas,	Clark,	Nevada,
The Mirage,	Paradise,	Clark,	Nevada,
The Orleans,	Paradise,	Clark,	Nevada,
The Palazzo,	Paradise,	Clark,	Nevada,
The Pass,	Henderson,	Clark,	Nevada,
The Pony Express Casino,	Elko,	Elko,	Nevada,
The Sands,	Paradise,	Clark,	Nevada,
The Station House,	Tonopah,	Nye,	Nevada,
The Strat,	Las Vegas,	Clark,	Nevada,
The Venetian,	Paradise,	Clark,	Nevada,
The Western,	Las Vegas,	Clark,	Nevada,
Tonopah Station,	Tonopah,	Nye,	Nevada,
Topaz Lodge,	Topaz Lake,	Douglas,	Nevada,
Town Tavern,	West Las Vegas,	Clark,	Nevada,
Treasure Island,	Paradise,	Clark,	Nevada,
Tropicana Las Vegas,	Paradise,	Clark,	Nevada,
Tropicana Laughlin,	Laughlin,	Clark,	Nevada,
Tuscany Suites and Casino,	Paradise,	Clark,	Nevada,
Vacation Village,	Enterprise,	Clark,	Nevada,
Vegas World,	Las Vegas,	Clark,	Nevada,
Virgin River Casino,	Mesquite,	Clark,	Nevada,
Wendover Nugget,	West Wendover,	Elko,	Nevada,
Western Village,	Sparks,	Washoe,	Nevada,
Westgate Las Vegas Resort & Casino,	Winchester,	Clark,	Nevada,
Westin Las Vegas,	Paradise,	Clark,	Nevada,
Westward Ho,	Winchester,	Clark,	Nevada,
Wildfire Casino,	,	Clark,	Nevada,
Wild Wild West,	Paradise,	Clark,	Nevada,
Winners Hotel & Casino,	Winnemucca,	Humboldt,	Nevada,
Whiskey Pete's,	Primm,	Clark,	Nevada,
Wynn Las Vegas,	Paradise,	Clark,	Nevada,
Atlantic Club Casino Hotel,	Atlantic City,	Atlantic,	New Jersey,
Bally's Atlantic City,	Atlantic City,	Atlantic,	New Jersey,
The Borgata,	Atlantic City,	Atlantic,	New Jersey,
Caesars Atlantic City,	Atlantic City,	Atlantic,	New Jersey,
Claridge Hotel & Casino,	Atlantic City,	Atlantic,	New Jersey,
Golden Nugget Atlantic City,	Atlantic City,	Atlantic,	New Jersey,
Harrah's Atlantic City,	Atlantic City,	Atlantic,	New Jersey,
Resorts Casino Hotel,	Atlantic City,	Atlantic,	New Jersey,
Ocean Resort Atlantic City,	Atlantic City,	Atlantic,	New Jersey,
Sands Atlantic City,	Atlantic City,	Atlantic,	New Jersey,
Showboat Atlantic City,	Atlantic City,	Atlantic,	New Jersey,
Tropicana Atlantic City,	Atlantic City,	Atlantic,	New Jersey,
Trump Plaza Hotel and Casino,	Atlantic City,	Atlantic,	New Jersey,
Hard Rock Atlantic City,	Atlantic City,	Atlantic,	New Jersey,
Trump World's Fair,	Atlantic City,	Atlantic,	New Jersey,
Apache Nugget Casino,	Cuba,	Sandoval,	New Mexico,
Buffalo Thunder Casino and Resort,	Pojoaque Pueblo,	Santa Fe,	New Mexico,
Tesuque Casino,	Tesuque Pueblo,	Santa Fe,	New Mexico,
Casino Apache Travel Center,	Mescalero,	Otero,	New Mexico,
Casino Hollywood,	San Felipe,	Sandoval,	New Mexico,
Cities of Gold Casino,	Pojoaque Pueblo,	Santa Fe,	New Mexico,
Cities of Gold Sports Bar,	Pojoaque Pueblo,	Santa Fe,	New Mexico,
Dancing Eagle Casino,	Casa Blanca,	Cibola,	New Mexico,
Fire Rock Navajo Casino,	Church Rock,	McKinley,	New Mexico,
Inn of the Mountain Gods Resort & Casino,	Mescalero,	Otero,	New Mexico,
Isleta Resort & Casino,	Isleta Pueblo,	Bernalillo,	New Mexico,
Kicks 66/Convenience Store & Phillips 66 Service,	Santa Fe,	Santa Fe,	New Mexico,
Northern Edge Navajo Casino,	Fruitland,	San Juan,	New Mexico,
Ohkay Casino Resort,	San Juan Pueblo,	Rio Arriba,	New Mexico,
Palace West,	Isleta,	Bernalillo,	New Mexico,
Route 66 Casino,	Laguna Pueblo,	Bernalillo,	New Mexico,
Route 66 Casino Express,	Laguna Pueblo,	Bernalillo,	New Mexico,
Sandia Resort and Casino,	Sandia Pueblo,	Bernalillo,	New Mexico,
Santa Ana Star Casino,	Santa Ana Pueblo,	Sandoval,	New Mexico,
Santa Claran Hotel & Casino,	Española,	Rio Arriba,	New Mexico,
Sky City Casino,	Acoma,	Cibola,	New Mexico,
Taos Mountain Casino,	Taos,	Taos,	New Mexico,
Wild Horse Casino,	Dulce,	Rio Arriba,	New Mexico,
Akwesasne Mohawk Casino,	Hogansburg,	Franklin,	New York,
Del Lago Resort and Casino,	Tyre,	Seneca,	New York,
Jake's 58 Hotel & Casino,	Islandia,	Suffolk,	New York,
Lakeside Entertainment,	Union Springs,	Cayuga,	New York,
Mohawk Bingo Palace and Casino,	Akwesasne,	Franklin,	New York,
Point Place Casino,	Bridgeport,	Madison,	New York,
Resorts World Catskills,	Kiamesha Lake,	Sullivan,	New York,
Rivers Casino & Resort,	Schenectady,	Schenectady,	New York,
Seneca Allegany Casino,	Salamanca,	Cattaraugus,	New York,
Seneca Buffalo Creek Casino,	Buffalo,	Erie,	New York,
Seneca Gaming and Entertainment Irving,	Irving,	Cattaraugus,	New York,
Seneca Gaming and Entertainment Oil Spring,	Cuba,	Allegany,	New York,
Seneca Gaming and Entertainment Salamanca,	Salamanca,	Cattaraugus,	New York,
Seneca Niagara Casino,	Niagara Falls,	Niagara,	New York,
Tioga Downs & Casino,	Nichols,	Tioga,	New York,
Turning Stone Resort & Casino,	Verona,	Oneida,	New York,
Yellow Brick Road Casino,	Chittenango,	Madison,	New York,
Harrah's Cherokee,	Cherokee,	Swain,	North Carolina,
Harrah's Cherokee Valley River,	Murphy,	Cherokee,	North Carolina,
Dakota Magic Casino,	Hankinson,	Richland,	North Dakota,
Spirit Lake Casino,	Fort Totten,	Benson,	North Dakota,
Four Bears Casino,	Four Bears Village,	McKenzie,	North Dakota,
Skydancer Casino,	Belcourt,	Rolette,	North Dakota,
Prairie Knights Casino and Resort,	Fort Yates,	Sioux,	North Dakota,
The Stadium Sports Bar and Casino,	Bismarck,	Burleigh,	North Dakota,
Blue Wolf Casino,	Fargo,	Cass,	North Dakota,
King Pin Casino,	Fargo,	Cass,	North Dakota,
Playmaker's All-American Lounge,	Grand Forks,	Grand Forks,	North Dakota,
Rumors,	Grand Forks,	Grand Forks,	North Dakota,
Southgate Casino,	Grand Forks,	Grand Forks,	North Dakota,
Lucky Strike Lounge and Casino,	Minot,	Ward,	North Dakota,
Hard Rock Casino Cincinnati,	Cincinnati,	Hamilton,	Ohio,
Hollywood Casino Columbus,	Columbus,	Franklin,	Ohio,
Hollywood Casino Toledo,	Toledo,	Lucas,	Ohio,
Jack Cleveland Casino,	Cleveland,	Cuyahoga,	Ohio,
Ada Gaming Center,	Ada,	Pontotoc,	Oklahoma,
Apache Casino Hotel,	Lawton,	Comanche,	Oklahoma,
Border Casino,	Thackerville,	Love,	Oklahoma,
Buffalo Run Casino,	Miami,	Ottawa,	Oklahoma,
Cash Springs Gaming Center,	Sulphur,	Murray,	Oklahoma,
Cherokee Casino,	Fort Gibson,	Cherokee,	Oklahoma,
Cherokee Casino,	Roland,	Sequoyah,	Oklahoma,
Cherokee Casino,	Sallisaw,	Sequoyah,	Oklahoma,
Cherokee Casino,	Tahlequah,	Cherokee,	Oklahoma,
Cherokee Casino,	West Siloam Springs,	Delaware,	Oklahoma,
Chisholm Trail Casino,	Duncan,	Stephens,	Oklahoma,
Choctaw Casino & Resort,	Durant,	Bryan,	Oklahoma,
Choctaw Casino,	Broken Bow,	McCurtain,	Oklahoma,
Choctaw Casino,	Grant,	Choctaw,	Oklahoma,
Choctaw Casino,	Idabel,	McCurtain,	Oklahoma,
Choctaw Casino,	McAlester,	Pittsburg,	Oklahoma,
Choctaw Casino,	Pocola,	Le Flore,	Oklahoma,
Choctaw Casino,	Stringtown,	Atoka,	Oklahoma,
Comanche Nation Casino,	Lawton,	Comanche,	Oklahoma,
Comanche Red River Casino,	Devol,	Cotton,	Oklahoma,
Comanche Spur Casino,	Eligin,	Comanche,	Oklahoma,
Comanche Star Casino,	Walters,	Cotton,	Oklahoma,
Creek Nation Casino of Eufaula,	Eufaula,	McIntosh,	Oklahoma,
Creek Nation Casino of Okmulgee,	Okmulgee,	Okmulgee,	Oklahoma,
Eastern Shawnee Casino,	Wyandotte,	Ottawa,	Oklahoma,
FireLake Casino,	Shawnee,	Pottawatomie,	Oklahoma,
Grand Casino Hotel Resort,	Shawnee,	Pottawatomie,	Oklahoma,
Gold Mountain Casino,	Ardmore,	Carter,	Oklahoma,
Grand Lake Casino,	Grove,	Delaware,	Oklahoma,
Hard Rock Hotel & Casino Tulsa,	Catoosa,	Rogers,	Oklahoma,
High Winds Casino,	Miami,	Ottawa,	Oklahoma,
Kickapoo Casino,	Harrah,	Pottawatomie,	Oklahoma,
Kickapoo Casino in Shawnee,	Shawnee,	Pottawatomie,	Oklahoma,
Kiowa Casino,	Devol,	Cotton,	Oklahoma,
Lucky Star Casino,	Clinton,	Custer,	Oklahoma,
Lucky Star Casino,	Concho,	Canadian,	Oklahoma,
Lucky Turtle Casino,	Wyandotte,	Ottawa,	Oklahoma,
Madill Gaming Center,	Madill,	Marshall,	Oklahoma,
Muscogee Creek Nation Casino,	Muskogee,	Muskogee,	okcasino,
Newcastle Casino,	Newcastle,	McClain,	Oklahoma,
Osage Casino,	Bartlesville,	Washington,	Oklahoma,
Osage Casino,	Hominy,	Osage,	Oklahoma,
Osage Casino,	Pawhuska,	Osage,	Oklahoma,
Osage Casino,	Ponca City,	Osage,	Oklahoma,
Osage Casino,	Sand Springs,	Tulsa,	Oklahoma,
Osage Casino,	Tulsa,	Tulsa,	Oklahoma,
Quapaw Casino,	Miami,	Ottawa,	Oklahoma,
Red Hawk Gaming Center,	Wetumka,	Hughes,	Oklahoma,
RiverStar Casino,	Terral,	Jefferson,	Oklahoma,
River Spirit Casino,	Tulsa,	Tulsa,	Oklahoma,
Riverwind Casino,	Norman,	Cleveland,	Oklahoma,
Sac & Fox Casino,	Shawnee,	Pottawatomie,	Oklahoma,
SaltCreek Casino,	Pocasset,	Grady,	Oklahoma,
Seven Clans,	Perry,	Noble,	Oklahoma,
Seven Clans,	Red Rock,	Noble,	Oklahoma,
Texoma Casino,	Kingston,	Marshall,	Oklahoma,
The Stables Casino,	Miami,	Ottawa,	Oklahoma,
Thunderbird Wild Wild West Casino,	Norman,	Cleveland,	Oklahoma,
Treasure Valley Casino,	Davis,	Murray,	Oklahoma,
Stigler Casino,	Stigler, Oklahoma,	Haskell,	Oklahoma,
Washita Casino,	Paoli,	Garvin,	Oklahoma,
WinStar World Casino,	Thackerville,	Love,	Oklahoma,
Wyandotte Nation Casino,	Wyandotte,	Ottawa,	Oklahoma,
Chinook Winds Casino,	Lincoln City,	Lincoln,	Oregon,
Indian Head Casino,	Warm Springs,	Jefferson,	Oregon,
Kah-Nee-Ta Casino,	Warm Springs,	Jefferson,	Oregon,
Kla-Mo-Ya Casino,	Chiloquin,	Klamath,	Oregon,
The Mill Casino & Hotel,	North Bend,	Coos,	Oregon,
Old Camp Casino,	Burns,	Harney,	Oregon,
Seven Feathers Hotel & Casino Resort,	Canyonville,	Douglas,	Oregon,
Spirit Mountain Casino,	Grand Ronde,	Polk,	Oregon,
Three Rivers Casino,	Florence,	Lane,	Oregon,
Three Rivers Casino Coos Bay,	Coos Bay,	Coos,	Oregon,
Wildhorse Resort & Casino,	Pendleton,	Umatilla,	Oregon,
Hollywood Casino York,	York,	York,	Pennsylvania,
Lady Luck Casino Nemacolin,	Farmington,	Fayette,	Pennsylvania,
Live! Casino Pittsburgh,	Greensburg,	Westmoreland,	Pennsylvania,
Mount Airy Casino Resort,	Mount Pocono,	Monroe,	Pennsylvania,
Rivers Casino,	Pittsburgh,	Allegheny,	Pennsylvania,
Sands Casino Resort Bethlehem,	Bethlehem,	Northampton,	Pennsylvania,
SugarHouse Casino,	Philadelphia,	Philadelphia,	Pennsylvania,
Valley Forge Casino Resort,	Upper Merion Twp.,	Montgomery,	Pennsylvania,
Bally's Tiverton,	Tiverton,	Newport,	Rhode Island,
Bally's Twin River Lincoln,	Lincoln,	Providence,	Rhode Island,
Newport Grand Casino,	Newport,	Newport,	Rhode Island,
Buffalo Bodega Gaming Complex[33],	Deadwood,	Lawrence,	South Dakota,
Cadillac Jack's Gaming Resort[34],	Deadwood,	Lawrence,	South Dakota,
Dakota Connection Casino[35],	Sisseton,	Roberts,	South Dakota,
Dakota Sioux Casino & Hotel[36],	north of Watertown,	Codington,	South Dakota,
Deadwood Gulch Gaming Resort[37],	Deadwood,	Lawrence,	South Dakota,
Deadwood Mountain Grand Casino & Hotel[38],	Deadwood,	Lawrence,	South Dakota,
Deadwood Station Bunkhouse & Gambling Hall,	Deadwood,	Lawrence,	South Dakota,
First Gold Hotel & Gaming,	Deadwood,	Lawrence,	South Dakota,
Fort Randall Casino & Hotel[39],	east of Pickstown,	Charles Mix,	South Dakota,
Gold Country Inn Gambling Hall & Cafe,	Deadwood,	Lawrence,	South Dakota,
Gold Dust Gaming & Entertainment Complex[40],	Deadwood,	Lawrence,	South Dakota,
Golden Buffalo Casino & Hotel[41],	Lower Brule,	Lyman,	South Dakota,
Grand River Casino & Resort[42],	west of Mobridge,	Corson,	South Dakota,
Hickok's Casino,	Deadwood,	Lawrence,	South Dakota,
Historic Bullock Hotel[43],	Deadwood,	Lawrence,	South Dakota,
Iron Horse Inn[44],	Deadwood,	Lawrence,	South Dakota,
Lucky 8 Gaming,	Deadwood,	Lawrence,	South Dakota,
Lode Star Casino & Hotel,	Fort Thompson,	Buffalo,	South Dakota,
The Lodge at Deadwood Gaming Resort[45],	Deadwood,	Lawrence,	South Dakota,
Main Street Deadwood Gulch,	Deadwood,	Lawrence,	South Dakota,
Mineral Palace Hotel & Gaming[46],	Deadwood,	Lawrence,	South Dakota,
Mustang Sally's,	Deadwood,	Lawrence,	South Dakota,
Old Style Saloon No. 10 (The Utter Place)[47],	Deadwood,	Lawrence,	South Dakota,
Oyster Bay Bar & Casino,	Deadwood,	Lawrence,	South Dakota,
Prairie Wind Casino & Hotel[48],	between Oelrichs and Oglala,	Oglala Lakota,	South Dakota,
Rosebud Casino and Quality Inn Rosebud Casino[49],	south of Mission,	Todd,	South Dakota,
Royal River Casino & Hotel[50],	Flandreau,	Moody,	South Dakota,
Silverado Franklin Historic Hotel & Gaming Complex[51],	Deadwood,	Lawrence,	South Dakota,
Tin Lizzie Gaming Resort,	Deadwood,	Lawrence,	South Dakota,
VFW Casino,	Deadwood,	Lawrence,	South Dakota,
Wooden Nickel Casino,	Deadwood,	Lawrence,	South Dakota,
Kickapoo Lucky Eagle Casino,	Eagle Pass,	Maverick,	Texas,
Naskila Gaming,	Livingston,	Polk,	Texas,
Speaking Rock Entertainment Center,	El Paso,	El Paso,	Texas,
12 Tribes Resort Casino,	Omak,	Okanogan,	Washington,
7 Cedars Casino,	Sequim,	Clallam,	Washington,
Angel of the Winds Casino Resort,	Arlington,	Snohomish,	Washington,
Buzz Inn Casino and Steakhouse,	East Wenatchee, Washington,	Douglas,	Washington,
Chewelah Casino,	Chewelah,	Stevens,	Washington,
Clearwater Poker Room,	Wenatchee,	Chelan,	Washington,
Club Hollywood Casino,	Shoreline,	King,	Washington,
Coulee Dam Casino,	Coulee Dam,	Lincoln,	Washington,
Coyote Bob's Casino,	Kennewick,	Benton,	Washington,
Crazy Moose Casino - Mountlake Terrace,	Mountlake Terrace,	Snohomish,	Washington,
Crazy Moose Casino - Pasco,	Pasco,	Lincoln,	Washington,
Elwha River Casino,	Port Angeles,	Clallam,	Washington,
Emerald Downs Race Track,	Auburn,	King,	Washington,
Emerald Queen Casino,	Fife,	Pierce,	Washington,
Emerald Queen Casino,	Tacoma,	Pierce,	Washington,
Ilani Casino Resort,	La Center,	Clark,	Washington,
Joker's Casino,	Richland,	Benton,	Washington,
Lancer Casino,	Clarkston,	Asotin,	Washington,
Legends Casino at Yakima Nation,	Toppenish,	Yakima,	Washington,
Little Creek Casino and Resort,	Shelton,	Mason,	Washington,
Lucky Dog Casino,	Potlatch,	Mason,	Washington,
Lucky Eagle Casino,	Rochester,	Thurston,	Washington,
Lucky Dragonz Casino,	Seattle,	King,	Washington,
Mill Bay Casino,	Manson,	Chelan,	Washington,
Mr. Z's Casino,	Pullman,	Whitman,	Washington,
Muckleshoot Indian Casino,	Auburn,	King,	Washington,
New Phoenix Casino,	La Center,	Clark,	Washington,
Nisqually Red Wind Casino,	Yelm,	Thurston,	Washington,
Nob Hill Casino,	Yakima,	Yakima,	Washington,
Nooksack Northwood Casino,	Lynden,	Whatcom,	Washington,
Nooksack River Casino,	Deming,	Whatcom,	Washington,
Northern Quest Casino,	Airway Heights,	Spokane,	Washington,
Okanogan Casino and Bingo,	Okanogan,	Okanogan,	Washington,
Quil Ceda Creek Casino,	Tulalip,	Snohomish,	Washington,
Quinault Beach Resort and Casino,	Ocean Shores,	Grays Harbor,	Washington,
Red Dragon Casino,	Mountlake Terrace,	Snohomish,	Washington,
Roxy's Casino,	Seattle,	King,	Washington,
Royal Casino,	Everett,	Snohomish,	Washington,
Shoalwater Bay Casino,	Tokeland,	Pacific,	Washington,
Silver Dollar Casino - Mill Creek,	Mill Creek,	Snohomish,	Washington,
Silver Dollar Casino - Renton,	Renton,	King,	Washington,
Silver Dollar Casino - SeaTac,	SeaTac,	King,	Washington,
Silver Reef Casino,	Ferndale,	Whatcom,	Washington,
Skagit Valley Casino,	Bow,	Skagit,	Washington,
Snoqualmie Casino,	Snoqualmie,	King,	Washington,
Spokane Tribe Casino,	Airway Heights,	Spokane,	Washington,
Suquamish Clearwater Casino Resort,	Suqamish,	Kitsap,	Washington,
Swinomish Northern Lights Casino,	Anacortes,	Skagit,	Washington,
The Point Casino,	Kingston,	Kitsap,	Washington,
Tulalip Resort Casino at Quil Ceda,	Marysville,	Snohomish,	Washington,
Tulalip Resort Casino,	Tulalip,	Snohomish,	Washington,
Wild Goose Casino,	Ellensburg,	Kittitas,	Washington,
Wizards Casino,	Burien,	King,	Washington,
The Casino Club at The Greenbrier,	Greenbrier,	Greenbrier,	West Virginia,
Bad River Lodge& Casino[52],	Odanah,	Ashland,	Wisconsin,
Grindstone Creek Casino,	Hayward,	Sawyer,	Wisconsin,
Ho-Chunk Gaming Beloit,	Beloit,	Rock,	Wisconsin,
Ho-Chunk Gaming Black River Falls,	Black River Falls,	Jackson,	Wisconsin,
Ho-Chunk Gaming Madison,	Madison,	Dane,	Wisconsin,
Ho-Chunk Gaming Nekoosa,	Nekoosa,	Wood,	Wisconsin,
Ho-Chunk Gaming Tomah,	Tomah,	Monroe,	Wisconsin,
Ho-Chunk Gaming Wisconsin Dells,	Baraboo,	Sauk,	Wisconsin,
Ho-Chunk Gaming Wittenberg,	Wittenberg,	Shawano,	Wisconsin,
Lake of the Torches,	Lac du Flambeau,	Vilas,	Wisconsin,
Legendary Waters Resort & Casino,	Bayfield,	Bayfield,	Wisconsin,
Menominee Casino Resort,	Keshena,	Menominee,	Wisconsin,
Mole Lake Casino & Lodge,	Mole Lake,	Forest,	Wisconsin,
North Star Mohican Casino Resort,	Bowler,	Shawano,	Wisconsin,
Oneida Casino - Main Airport,	Green Bay,	Brown,	Wisconsin,
Oneida Casino - Irene Moore Activity Center,	Green Bay,	Brown,	Wisconsin,
Oneida Casino - Packerland,	Green Bay,	Brown,	Wisconsin,
Oneida Casino - Travel Center,	Pulaski,	Brown,	Wisconsin,
Oneida Casino - West Mason Street Casino,	Green Bay,	Brown,	Wisconsin,
Potawatomi Hotel & Casino,	Milwaukee,	Milwaukee,	Wisconsin,
Potawatomi Carter Casino Hotel,	Carter,	Forest,	Wisconsin,
St. Croix Casino Danbury,	Danbury,	Burnett,	Wisconsin,
St. Croix Casino Hertel,	Webster,	Burnett,	Wisconsin,
St. Croix Casino Turtle Lake,	Turtle Lake,	"Barron
Polk,"	Wisconsin,
Sevenwinds Casino, Lodge & Convention Center,	Hayward,	Sawyer,	Wisconsin,
Thunderbird Casino,	Keshena,	Menominee,	Wisconsin,
Wind River Casino[53],	Riverton,	Fremont,	Wyoming,
789 Casino[54],	Riverton,	Fremont,	Wyoming,
Little Wind Casino[53],	Ethete,	Fremont,	Wyoming,
Shoshone Rose Casino & Hotel[53],	Fort Washakie,	Fremont,	Wyoming,
